<?xml version="1.0" encoding="UTF-8"?>
<TaxiRendszer xmlns:xsi="http://www.w3.org/2001/XMLSchema-instance" xsi:noNamespaceSchemaLocation="XMLSchemaRVQUE9.xsd">
<!-- Utas adatai-->
    <Utas>
        <UtasID>01</UtasID>
        <Nev>Kiss István</Nev>
        <Telefon>06702593123</Telefon>
        <Email>kis.istvan@valami.com</Email>
        <Lakcim>
            <Varos>Gyula</Varos>
            <UtcaHsz>Kossuth Lajos u. 18</UtcaHsz>
            <IranyitoSzam>5700</IranyitoSzam>
        </Lakcim>
    </Utas>
    <Utas>
        <UtasID>02</UtasID>
        <Nev>Németh Zoltán</Nev>
        <Telefon>06305874236</Telefon>
        <Email>zoltan.nemeth@upc.com</Email>
        <Lakcim>
            <Varos>Debrecen</Varos>
            <UtcaHsz>Gázvezeték utca 85</UtcaHsz>
            <IranyitoSzam>4030</IranyitoSzam>
        </Lakcim>
    </Utas>
    <Utas>
        <UtasID>03</UtasID>
        <Nev>Balogh Antal</Nev>
        <Telefon>06207846218</Telefon>
        <Email>antal.balogh@t-online.hu</Email>
        <Lakcim>
            <Varos>Miskolc</Varos>
            <UtcaHsz>Vörösmarty utca 52.</UtcaHsz>
            <IranyitoSzam>3532</IranyitoSzam>
        </Lakcim>
    </Utas>
    <Rendeles>
        <RendelesID>001</RendelesID>
        <FelvetelHelye>Miskolc</FelvetelHelye>
        <LeadasHelye>Miskolc</LeadasHelye>
        <RendelesIdeje>2024-11-12T13:20:00</RendelesIdeje>
        <Tarifa>244</Tarifa>
        <UtasID>03</UtasID>
        <UtID>01</UtID>
    </Rendeles>
    <Rendeles>
        <RendelesID>002</RendelesID>
        <FelvetelHelye>Debrecen</FelvetelHelye>
        <LeadasHelye>Debrecen</LeadasHelye>
        <RendelesIdeje>2024-12-01T18:20:00</RendelesIdeje>
        <Tarifa>244</Tarifa>
        <UtasID>02</UtasID>
        <UtID>02</UtID>
    </Rendeles>
    <Rendeles>
        <RendelesID>003</RendelesID>
        <FelvetelHelye>Gyula</FelvetelHelye>
        <LeadasHelye>Gyula</LeadasHelye>
        <RendelesIdeje>2004-12-06T17:53:00</RendelesIdeje>
        <Tarifa>244</Tarifa>
        <UtasID>01</UtasID>
        <UtID>03</UtID>
    </Rendeles>
    <Ut>
        <UtID>01</UtID>
        <Kezdopont>Vörömarty utca 52.</Kezdopont>
        <Vegpont>Győrikapu</Vegpont>
        <Tavolsag>12</Tavolsag>
        <UtasIdo>13</UtasIdo>
    </Ut>
    <Ut>
        <UtID>02</UtID>
        <Kezdopont>Piac utca</Kezdopont>
        <Vegpont>Gázvezeték utca 85.</Vegpont>
        <Tavolsag>9</Tavolsag>
        <UtasIdo>12</UtasIdo>
    </Ut>
    <Ut>
        <UtID>03</UtID>
        <Kezdopont>Diófa utca 12.</Kezdopont>
        <Vegpont>Kossuth Lajos u. 18</Vegpont>
        <Tavolsag>9</Tavolsag>
        <UtasIdo>16</UtasIdo>
    </Ut>
    
    <Vezeto>
        <VezetoID>01</VezetoID>
        <Nev>Hoffman Géza</Nev>
        <Telefon>06208563179</Telefon>
        <JogositvanySzam>CH135874</JogositvanySzam>
        <JogositvanyKategoria>B</JogositvanyKategoria>
        <Gepkocsija>
            <TaxiID>01</TaxiID>
        </Gepkocsija>
    </Vezeto>
    <Vezeto>
        <VezetoID>02</VezetoID>
        <Nev>Kelemen János</Nev>
        <Telefon>06709517532</Telefon>
        <JogositvanySzam>CT157893</JogositvanySzam>
        <JogositvanyKategoria>B</JogositvanyKategoria>
        <Gepkocsija>
            <TaxiID>02</TaxiID>
        </Gepkocsija>
    </Vezeto>   
    <Vezeto>
        <VezetoID>03</VezetoID>
        <Nev>Horváth Péter</Nev>
        <Telefon>06302874695</Telefon>
        <JogositvanySzam>CD187496</JogositvanySzam>
        <JogositvanyKategoria>B</JogositvanyKategoria>
        <Gepkocsija>
            <TaxiID>03</TaxiID>
        </Gepkocsija>
    </Vezeto>
    <Taxi>
        <TaxiID>01</TaxiID>
        <Rendszam>AK-HT-578</Rendszam>
        <Model>SKODA OCTAVIA Combi</Model>
        <Kapacitas>5</Kapacitas>
    </Taxi>
    <Taxi>
        <TaxiID>02</TaxiID>
        <Rendszam>HJD-258</Rendszam>
        <Model>VW GOLF Combi</Model>
        <Kapacitas>5</Kapacitas>
    </Taxi>
    <Taxi>
        <TaxiID>03</TaxiID>
        <Rendszam>AA-FN-852</Rendszam>
        <Model>AUDI A4</Model>
        <Kapacitas>5</Kapacitas>
    </Taxi>
</TaxiRendszer>
